sentence_id,sentence,engine,transcribed,WER,RTF
1,"El 3er lugar ganó $1,250.50 en el sorteo.",gtts,El tercer lugar ganó 1.250 dólares y 50 centavos en el sorteo.,0.364,0.174
1,"El 3er lugar ganó $1,250.50 en el sorteo.",piper,"El tercer lugar ganó dólar 1,250 en el sorteo.",0.273,0.387
1,"El 3er lugar ganó $1,250.50 en el sorteo.",xtts,El tercero lugar ganó dólar 1.25. 50. En el sorteo.num.,0.455,0.658
2,La conferencia comienza a las 14:30 h.,gtts,La conferencia comienza a las 2.30 de la tarde.,0.5,0.278
2,La conferencia comienza a las 14:30 h.,piper,La conferencia comienza a las 14.30.,0.125,0.411
2,La conferencia comienza a las 14:30 h.,xtts,La conferencia comienza a las 14.30.,0.125,0.882
3,La UNAM y la CFE firmaron un acuerdo importante.,gtts,La UNAM y la CFE firmaron un acuerdo importante.,0.0,0.244
3,La UNAM y la CFE firmaron un acuerdo importante.,piper,La UNAM y la CF firmaron un acuerdo importante.,0.111,0.317
3,La UNAM y la CFE firmaron un acuerdo importante.,xtts,la UNAM y la CF firmaron un acuerdo importante.,0.111,0.703
4,Descargué videos de YouTube y pasé el Wi-Fi.,gtts,Descargué vídeos de YouTube y pasé el wifi.,0.333,0.291
4,Descargué videos de YouTube y pasé el Wi-Fi.,piper,Descargé vídeos de YouTube y pasé el wifi.,0.444,0.441
4,Descargué videos de YouTube y pasé el Wi-Fi.,xtts,Descargue vídeos de YouTube y pase el Wi-Fi.,0.333,0.846
5,Corrimos 5 km/h en la competencia del siglo XXI.,gtts,Corrimos 5 kilómetros por hora en la competencia del siglo XXI.,0.3,0.193
5,Corrimos 5 km/h en la competencia del siglo XXI.,piper,Corrimos 5 km vara H en la competencia del siglo XXI.,0.1,0.315
5,Corrimos 5 km/h en la competencia del siglo XXI.,xtts,Corrimos 5 kmh en la competencia del siglo XXI.,0.2,0.686
